[
  {
    "q": "What fraction represents 2 slices eaten from a pizza cut into 8 equal slices?",
    "a": "1/4",
    "A": "2/8",
    "a": "4/8",
    "a": "2/4"
  },
  {
    "q": "Which is larger?",
    "a": "3/8",
    "A": "5/8",
    "a": "1/8",
    "a": "4/8"
  },
  {
    "q": "If you have 1/2 of a chocolate bar and your friend has 1/4, who has more?",
    "A": "You",
    "a": "Your friend",
    "a": "Both the same",
    "a": "Not enough information"
  },
  {
    "q": "What is 3/4 of 12?",
    "a": "6",
    "a": "8",
    "A": "9",
    "a": "12"
  },
  {
    "q": "Which fraction is equal to 1/2?",
    "A": "2/4",
    "a": "1/3",
    "a": "3/6",
    "a": "4/5"
  }
]
